{"Player":{"health":4,"defense ":1,"heal_count":2,"playerLocation":{"x":15074.646210052308,"y":3500.3738159999998,"z":-26.850207750958162},"money":100},"LevelName":"Test","Objects":[],"TraiderPhrase":"1"}