{"Player":{"health":4,"defense ":1,"heal_count":2,"playerLocation":{"x":14878.790485062083,"y":3500.3738159999998,"z":-26.850054097023609},"money":100},"LevelName":"Test","Objects":[],"TraiderPhrase":"1"}