{"Player":{"health":4,"defense ":1,"heal_count":2,"playerLocation":{"x":14989.661741013393,"y":3500.3738159999998,"z":-26.850401578725315},"money":100},"LevelName":"Test","Objects":[],"TraiderPhrase":"1"}