{"Player":{"health":4,"defense ":1,"heal_count":2,"playerLocation":{"x":14534.874550439337,"y":3500.3738159999998,"z":169.14981963154014},"money":100},"LevelName":"Test","Objects":[],"TraiderPhrase":"1"}