{"Player":{"health":4,"defense ":1,"heal_count":2,"playerLocation":{"x":13180.003410462454,"y":3500.3738159999998,"z":1492.1499655730072},"money":100},"LevelName":"Test","Objects":[],"TraiderPhrase":"1"}