{"Player":{"health":4,"defense ":1,"heal_count":2,"playerLocation":{"x":4140.3701551389458,"y":3500.3738159999998,"z":-26.850236073223165},"money":100},"LevelName":"Test","Objects":[],"TraiderPhrase":"1"}